date,headline,source
2026-03-23,"Oil Plunges, Stocks Spike As Trump “Postpones” Military Strikes On Iran After “Productive” Talks",Shtfplan.com
2026-03-23,Tesla Stock Rises As Elon Musk Announces Terafab Project - Investor's Business Daily,Slashdot.org
2026-03-23,"Pro cornhole player accused of murder confuses internet with no arms, legs",The Big Lead
2026-03-23,Elon Musk Unveils $20 Billion TeraFab Chip Project,Ponoko.com
2026-03-23,Philip R. Lane: AI and the euro area economy,Europa.eu
2026-03-23,Stocks Rally as President Trump Eases Iran Threats,Barchart.com
2026-03-23,"Why without value sharing, there is no social justice",The Conversation Africa
2026-03-23,Top 5 Companies Where Peter Thiel Invested the Most: Palantir Leads with $10B+ Stake,Ibtimes.com.au
2026-03-23,"U.S.-Iran talks, ICE in airports, gemstone investing and more in Morning Squawk",CNBC
2026-03-23,Musk Found Liable to Twitter Shareholders in Fraud Lawsuit Over Takeover,Insurance Journal
2026-03-23,Robotaxis Could Create a ‘Powerful Flywheel’ for Tesla. Does That Make TSLA Stock a Buy Here?,Yahoo Entertainment
2026-03-23,$SMR Investment Loss: Lose Money on NuScale Power? You may have been Affected by Securities Fraud and are Notified to Contact BFA Law,GlobeNewswire
2026-03-23,$PLUG Investment Loss: Lose Money on Plug Power? You may have been Affected by Securities Fraud and are Notified to Contact BFA Law,GlobeNewswire
2026-03-23,$TNC Investment Loss: Lose Money on Tennant Company? You may have been Affected by Securities Fraud and are Notified to Contact BFA Law,GlobeNewswire
2026-03-23,$HUBG Investment Loss: Lose Money on Hub Group Inc.? You may have been Affected by Securities Fraud and are Notified to Contact BFA Law,GlobeNewswire
2026-03-23,$PFSI Investment Loss: Lose Money on PennyMac Financial Services? You may have been Affected by Securities Fraud and are Notified to Contact BFA Law,GlobeNewswire
2026-03-23,$WLTH Investment Loss: Lose Money on Wealthfront Corporation? You may have been Affected by Securities Fraud and are Notified to Contact BFA Law,GlobeNewswire
2026-03-23,$CWH Investment Loss: Lose Money on Camping World? You may have been Affected by Securities Fraud and are Notified to Contact BFA Law,GlobeNewswire
2026-03-23,$DRVN Investment Loss: Lose Money on Driven Brands? You may have been Affected by Securities Fraud and are Notified to Contact BFA Law,GlobeNewswire
2026-03-23,$EOSE Investment Loss: Lose Money on Eos Energy? You may have been Affected by Securities Fraud and are Notified to Contact BFA Law,GlobeNewswire
2026-03-23,Stock Index Futures Rally as Oil Prices Tumble on U.S.-Iran Talks,Barchart.com
2026-03-23,Ford Ranger Leads Australia's Top 10 Most Popular Car Models in Early 2026 as Utes and SUVs Dominate Sales,Ibtimes.com.au
2026-03-23,AI Updates for the Week of 3/22/26,Annielytics.com
2026-03-23,Elon Musk announces ambitious $20B Terafab project to manufacture chips for space-based AI,SiliconANGLE News
2026-03-22,The SEC drops its four-year-old investigation into EV startup Faraday Future,TechCrunch
2026-03-22,"Coinbase Launches 24/7 Stock Trading For Tesla, Apple, Nvidia With 10X Leverage",Yahoo Entertainment
2026-03-22,Musk pitches pie-in-the-sky Terafab 2 nm foundry for SpaceX and Tesla AI chip fare,Notebookcheck.net
2026-03-22,Tesla and SpaceX announce $25B ‘Terafab’ chip factory — here’s why it reeks of desperation,Electrek
2026-03-22,Elon Musk Claims He ‘Would Like to Offer’ to Pay TSA Workers’ Salaries,Gizmodo.com
2026-03-22,Ahead of Market: 10 things that will decide stock market action on Monday,The Times of India
2026-03-21,Elon Musk Found Liable For Misleading Twitter Shareholders Ahead Of $44B Acquisition,Deadline
2026-03-21,"Is Tesla, Inc. (TSLA)  A Good Stock To Buy Now?",Yahoo Entertainment
2026-03-21,Elon Musk Liable in Twitter Shareholder Fraud Case as Jury Finds He Misled Investors Before $44 Billion Buyout,Ibtimes.com.au
2026-03-21,Court Finds Musk Misled Investors When He Bought Twitter,PCMag.com
2026-03-21,Court Finds Musk Misled Investors When He Bought Twitter,PCMag.com
2026-03-21,US jury finds Elon Musk misled investors during Twitter purchase,Al Jazeera English
2026-03-21,Elon Musk expected to pay out billions as jury finds he misled Twitter investors in takeover,TheJournal.ie
2026-03-21,Tesla faces wider probe of self-driving feature as it prepares to sell cars without steering wheels,Chattanooga Times Free Press
2026-03-21,"Coinbase to Launch Stock Futures, Why This Is Big For Crypto",Bitcoinist
2026-03-21,US jury finds Elon Musk misled Twitter shareholders,RTE
2026-03-21,"Jury finds Elon Musk misled investors during Twitter purchase, absolves him of some fraud claims",BusinessLine
2026-03-21,US jury finds Elon Musk misled Twitter shareholders,The Punch
2026-03-21,"Twitter shareholders were misled by Elon Musk, finds federal jury in California. What will be the impact?",The Times of India
2026-03-21,"Jury finds Elon Musk misled investors during Twitter purchase, but absolves him of some fraud claims",Japan Today
2026-03-21,Musk Found Liable To Twitter Shareholders In Fraud Lawsuit Over $44 Billion Takeover,HuffPost
2026-03-20,"Musk misled Twitter investors before 2022 buyout, jury says",Fortune
2026-03-20,"Elon Musk misled investors during his Twitter takeover, jury finds",Slashdot.org
2026-03-20,"Elon Musk misled Twitter investors while trying to get out of acquisition, jury says | TechCrunch",TechCrunch
2026-03-20,"Elon Musk Misled Investors During $44B Twitter Takeover, Jury Finds",Mediaite
2026-03-20,"Jury finds Musk misled investors during Twitter takeover, absolves him of some fraud claims",PBS
2026-03-20,"Jury finds Elon Musk misled investors during Twitter purchase, absolves him of some fraud claims",WKMG News 6 & ClickOrlando
2026-03-20,"Jury finds Elon Musk misled investors during Twitter purchase, absolves him of some fraud claims",Associated Press
2026-03-20,Jury finds Elon Musk misled investors during Twitter purchase,NPR
2026-03-20,Elon Musk found liable to Twitter shareholders in fraud lawsuit over US$44 billion takeover: Report,CNA
2026-03-20,"Elon Musk misled investors during Twitter purchase, US jury finds",The Irish Times
2026-03-20,Jury finds Elon Musk misled investors during Twitter purchase,Abcnews.com
2026-03-20,"Elon Musk misled Twitter investors ahead of $44 billion acquisition, jury says",CNBC
2026-03-20,"Elon Musk misled investors during Twitter takeover, US jury finds",Sky.com
2026-03-20,Jury finds Elon Musk liable for misleading investors during Twitter purchase,CBS News
2026-03-20,"Jury finds Elon Musk misled investors during Twitter purchase, absolves him of some fraud claims",NBC News
2026-03-20,"Jury finds Elon Musk misled investors during Twitter purchase, absolves him of some fraud claims",Livemint
2026-03-20,Stocks Plunge on US Plans to Escalate Iran War,Barchart.com
2026-03-20,"U.S. Stock Market indexes S&P 500, Dow Jones, Russell ​2000 hit record lows on Black Friday, Nvidia, Alphabet, Tesla, Meta Platforms, ⁠Microsoft fall big",The Times of India
2026-03-20,"Tesla's Cult Still Can't Tolerate Valid Criticism, Even In The Face Of A Blatant 'Bait And Switch'",Jalopnik
2026-03-20,Coinbase Global Launches Stock Perpetual Futures Contracts,Cryptoprowl.com
2026-03-20,"In Elon Musk’s mind, Tesla and SpaceX have already merged. Why not make it official?",Sherwood.news
2026-03-20,NexCyber Level 2 Hardwired EV Charger for $126 + free shipping,Dealnews.com
2026-03-20,"Why US stock market Dow, S&P 500, Nasdaq fall sharply today: Dow, S&P 500, Nasdaq crash again — here’s what triggered Wall Street meltdown",The Times of India
2026-03-20,Tesla Faces the ‘Couch Problem’: Modern Physics Warns the Optimus Robot Will Fail and Send TSLA Stock Falling,Yahoo Entertainment
2026-03-20,Beyond kung fu: Unitree plans humanoid robot for household chores and elder care by 2030,Notebookcheck.net
2026-03-20,Tesla Dodges 2-Million-Car Recall,Jalopnik
2026-03-20,Coinbase introduces stock perpetual futures contracts for non-U.S. customers,CoinDesk
2026-03-20,Coinbase unveils 24/7 stock futures for global traders in derivatives push,Crypto Briefing
2026-03-20,HUBG Fraud Alert: Hub Group Inc. Investigated for Securities Fraud following Financial Restatements – Investors with Losses Notified to Contact BFA Law,GlobeNewswire
2026-03-20,PFSI Fraud Alert: PennyMac Financial Services Investigated for Securities Fraud following Refinancing Issues – Investors with Losses Notified to Contact BFA Law,GlobeNewswire
2026-03-20,CWH Fraud Alert: Camping World Accused of Securities Fraud in Pending Class Action – Investors with Losses Notified to Contact BFA Law,GlobeNewswire
2026-03-20,PLUG Fraud Alert: Plug Power Accused of Securities Fraud in Pending Class Action – Investors with Losses Notified to Contact BFA Law,GlobeNewswire
2026-03-20,DRVN Fraud Alert: Driven Brands Accused of Securities Fraud in Pending Class Action – Investors with Losses Notified to Contact BFA Law,GlobeNewswire
2026-03-20,EOSE Fraud Alert: Eos Energy Accused of Securities Fraud in Pending Class Action – Investors with Losses Notified to Contact BFA Law,GlobeNewswire
2026-03-20,SMR Fraud Alert: NuScale Power Accused of Securities Fraud in Pending Class Action – Investors with Losses Notified to Contact BFA Law,GlobeNewswire
2026-03-20,WLTH Securities Alert: Wealthfront Corporation Investigated for Securities Violations following Home-Lending Business Issues – Investors with Losses Notified to Contact BFA Law,GlobeNewswire
2026-03-20,TNC Fraud Alert: Tennant Company Investigated for Securities Fraud Amid ERP System Issues – Investors with Losses Notified to Contact BFA Law,GlobeNewswire
2026-03-20,US Stock Market | Wall Street ends down as traders see no rate cuts before 2027,The Times of India
2026-03-20,Tesla faces wider probe of self-driving feature as it prepares to sell cars without steering wheels,WSB Atlanta
2026-03-20,Uber gave up on driverless cars. Now it's paying the price.,Business Insider
2026-03-19,Tesla faces wider probe of self-driving feature as it prepares to sell cars without steering wheels,Japan Today
2026-03-19,"U.S. Stock Market Today: S&P 500, Dow Jones, Nasdaq down. Check Nvidia, Tesla stocks' performance",The Times of India
2026-03-19,Tesla faces wider probe of self-driving feature as it prepares to sell cars without steering wheels,Boston Herald
2026-03-19,Uber will operate its own robotaxis again—this time with Rivian’s not‑yet‑built EVs,Fortune
2026-03-19,Tesla faces new questions about how cars in self-driving mode handle poor conditions,Abcnews.com
2026-03-19,All the wrong EVs are getting cancelled,The Verge
2026-03-19,UBS cuts Tesla Q1 delivery estimate and says concerns are growing that robotaxis might not wow investors,Business Insider
2026-03-19,"Why Nvidia, Micron, Tesla stock crashing big today: NVDA down 1% while MU stock crashes nearly 5% — here’s why TSLA stock is falling today amid oil surge and Fed uncertainty",The Times of India
2026-03-19,"Rivian will provide 50,000 robotaxis to Uber in a deal worth $1.25 billion",Slashdot.org
2026-03-19,"Why US stock market Dow Jones crashes big today: Dow Jones, S&P 500, Nasdaq fall today as gold and silver prices crash while oil surges; Fed uncertainty and Iran war fears hit Wall Street",The Times of India
